unit_id,name,region,lat,lon,voters,tvk_fav,tvk_proj,dmk_fav,dmk_proj,aiadmk_fav,aiadmk_proj,bjp_fav,bjp_proj,tvk_lead,status,top_issue,voter_salience,tvk_messaging,gap,confidence,source_name,source_url,methodology,whatsapp,instagram,twitter
PC-01,Tiruvallur Lok Sabha,Tiruvallur Parliamentary Area,13.098,79.9964,1313180,42.1,42.1,27.3,27.3,21.6,21.6,12.1,12.1,14.8,🛡️ Projected Win,Unfilled Cashew & MSME Subsidies,78,30,-48,85,The Hindu TN Bureau (Aug 2026),https://thehindu.com/news/national/tamil-nadu/,6 Assembly segment aggregation + The Hindu TN Bureau (Aug 2026) Lok Sabha model,"Tiruvallur பாராளுமன்ற தொகுதி 🇮🇳
Unfilled Cashew & MSME Subsidies கோரிக்கை நிறைவேற்ற TVK MP வேட்பாளர் உறுதி!",📸 Tiruvallur MP தொகுதி! Unfilled Cashew & MSME Subsidies & தமிழக வளர்ச்சி TVK2029 இலக்கு! #Tiruvallur #TVK2029,Tiruvallur Lok Sabha PC: Projected 42.1% vote share for TVK in 2029 (+14.8% lead). #Tiruvallur #TVK
PC-02,Chennai North Lok Sabha,Chennai North Parliamentary Area,13.2,80.189,1473003,42.6,42.6,29.5,29.5,18.0,18.0,10.5,10.5,13.1,🛡️ Projected Win,"Kuruvai Paddy Procurement MSP ₹3,200/q",85,52,-33,78,"TN Agri Budget Report (Aug 6, 2026)",https://newindianexpress.com/states/tamil-nadu,"6 Assembly segment aggregation + TN Agri Budget Report (Aug 6, 2026) Lok Sabha model","Chennai North பாராளுமன்ற தொகுதி 🇮🇳
Kuruvai Paddy Procurement MSP ₹3,200/q கோரிக்கை நிறைவேற்ற TVK MP வேட்பாளர் உறுதி!","📸 Chennai North MP தொகுதி! Kuruvai Paddy Procurement MSP ₹3,200/q & தமிழக வளர்ச்சி TVK2029 இலக்கு! #ChennaiNorth #TVK2029",Chennai North Lok Sabha PC: Projected 42.6% vote share for TVK in 2029 (+13.1% lead). #ChennaiNorth #TVK
PC-03,Chennai South Lok Sabha,Chennai South Parliamentary Area,13.2,80.189,1315669,36.8,36.8,24.9,24.9,16.5,16.5,12.9,12.9,11.9,🛡️ Projected Win,Youth Employment & 18% Unemployment Rate,81,35,-46,84,Puthiya Thalaimurai News (Aug 2026),https://youtube.com/@PuthiyathalaimuraiTV,6 Assembly segment aggregation + Puthiya Thalaimurai News (Aug 2026) Lok Sabha model,"Chennai South பாராளுமன்ற தொகுதி 🇮🇳
Youth Employment & 18% Unemployment Rate கோரிக்கை நிறைவேற்ற TVK MP வேட்பாளர் உறுதி!",📸 Chennai South MP தொகுதி! Youth Employment & 18% Unemployment Rate & தமிழக வளர்ச்சி TVK2029 இலக்கு! #ChennaiSouth #TVK2029,Chennai South Lok Sabha PC: Projected 36.8% vote share for TVK in 2029 (+11.9% lead). #ChennaiSouth #TVK
PC-04,Chennai Central Lok Sabha,Chennai Central Parliamentary Area,13.2,80.189,1485471,37.4,37.4,24.4,24.4,22.4,22.4,6.8,6.8,13.0,🛡️ Projected Win,Monsoon Stormwater Drain Desilting,74,32,-42,91,Reddit r/TamilNadu Civic Thread,https://reddit.com/r/TamilNadu,6 Assembly segment aggregation + Reddit r/TamilNadu Civic Thread Lok Sabha model,"Chennai Central பாராளுமன்ற தொகுதி 🇮🇳
Monsoon Stormwater Drain Desilting கோரிக்கை நிறைவேற்ற TVK MP வேட்பாளர் உறுதி!",📸 Chennai Central MP தொகுதி! Monsoon Stormwater Drain Desilting & தமிழக வளர்ச்சி TVK2029 இலக்கு! #ChennaiCentral #TVK2029,Chennai Central Lok Sabha PC: Projected 37.4% vote share for TVK in 2029 (+13.0% lead). #ChennaiCentral #TVK
PC-05,Sriperumbudur Lok Sabha,Sriperumbudur Parliamentary Area,11.2249,77.3639,1406550,38.2,38.2,22.9,22.9,16.7,16.7,6.7,6.7,15.3,🛡️ Projected Win,TANGEDCO MSME Power Tariff Increase,69,28,-41,84,Coimbatore Trade Chamber RTI,https://thehindu.com/news/cities/Coimbatore/,6 Assembly segment aggregation + Coimbatore Trade Chamber RTI Lok Sabha model,"Sriperumbudur பாராளுமன்ற தொகுதி 🇮🇳
TANGEDCO MSME Power Tariff Increase கோரிக்கை நிறைவேற்ற TVK MP வேட்பாளர் உறுதி!",📸 Sriperumbudur MP தொகுதி! TANGEDCO MSME Power Tariff Increase & தமிழக வளர்ச்சி TVK2029 இலக்கு! #Sriperumbudur #TVK2029,Sriperumbudur Lok Sabha PC: Projected 38.2% vote share for TVK in 2029 (+15.3% lead). #Sriperumbudur #TVK
PC-06,Kancheepuram Lok Sabha,Kancheepuram Parliamentary Area,10.993,77.5807,1513176,39.5,39.5,25.2,25.2,16.6,16.6,10.1,10.1,14.3,🛡️ Projected Win,Annamalai Univ Pension Fund Allocation,74,25,-49,89,Sun News Tamil Stream (Aug 2026),https://youtube.com/@SunNewsTamil,6 Assembly segment aggregation + Sun News Tamil Stream (Aug 2026) Lok Sabha model,"Kancheepuram பாராளுமன்ற தொகுதி 🇮🇳
Annamalai Univ Pension Fund Allocation கோரிக்கை நிறைவேற்ற TVK MP வேட்பாளர் உறுதி!",📸 Kancheepuram MP தொகுதி! Annamalai Univ Pension Fund Allocation & தமிழக வளர்ச்சி TVK2029 இலக்கு! #Kancheepuram #TVK2029,Kancheepuram Lok Sabha PC: Projected 39.5% vote share for TVK in 2029 (+14.3% lead). #Kancheepuram #TVK
PC-07,Arakkonam Lok Sabha,Arakkonam Parliamentary Area,10.7624,78.9866,1511618,47.1,47.1,28.5,28.5,20.5,20.5,7.4,7.4,18.6,🛡️ Projected Win,Cauvery Delta Water Channel Maintenance,80,48,-32,85,Thanthi TV Delta Bulletin,https://youtube.com/@ThanthiTV,6 Assembly segment aggregation + Thanthi TV Delta Bulletin Lok Sabha model,"Arakkonam பாராளுமன்ற தொகுதி 🇮🇳
Cauvery Delta Water Channel Maintenance கோரிக்கை நிறைவேற்ற TVK MP வேட்பாளர் உறுதி!",📸 Arakkonam MP தொகுதி! Cauvery Delta Water Channel Maintenance & தமிழக வளர்ச்சி TVK2029 இலக்கு! #Arakkonam #TVK2029,Arakkonam Lok Sabha PC: Projected 47.1% vote share for TVK in 2029 (+18.6% lead). #Arakkonam #TVK
PC-08,Vellore Lok Sabha,Vellore Parliamentary Area,12.9652,79.2286,1478897,38.9,38.9,29.6,29.6,20.8,20.8,12.3,12.3,9.3,📊 Competitive Battle,AIIMS Madurai Construction Speedup,82,48,-34,84,New Indian Express South Bureau,https://newindianexpress.com/states/tamil-nadu,6 Assembly segment aggregation + New Indian Express South Bureau Lok Sabha model,"Vellore பாராளுமன்ற தொகுதி 🇮🇳
AIIMS Madurai Construction Speedup கோரிக்கை நிறைவேற்ற TVK MP வேட்பாளர் உறுதி!",📸 Vellore MP தொகுதி! AIIMS Madurai Construction Speedup & தமிழக வளர்ச்சி TVK2029 இலக்கு! #Vellore #TVK2029,Vellore Lok Sabha PC: Projected 38.9% vote share for TVK in 2029 (+9.3% lead). #Vellore #TVK
PC-09,Krishnagiri Lok Sabha,Krishnagiri Parliamentary Area,12.5181,78.2767,1471712,39.2,39.2,30.5,30.5,23.4,23.4,11.0,11.0,8.7,📊 Competitive Battle,Unfilled Cashew & MSME Subsidies,78,30,-48,84,The Hindu TN Bureau (Aug 2026),https://thehindu.com/news/national/tamil-nadu/,6 Assembly segment aggregation + The Hindu TN Bureau (Aug 2026) Lok Sabha model,"Krishnagiri பாராளுமன்ற தொகுதி 🇮🇳
Unfilled Cashew & MSME Subsidies கோரிக்கை நிறைவேற்ற TVK MP வேட்பாளர் உறுதி!",📸 Krishnagiri MP தொகுதி! Unfilled Cashew & MSME Subsidies & தமிழக வளர்ச்சி TVK2029 இலக்கு! #Krishnagiri #TVK2029,Krishnagiri Lok Sabha PC: Projected 39.2% vote share for TVK in 2029 (+8.7% lead). #Krishnagiri #TVK
PC-10,Dharmapuri Lok Sabha,Dharmapuri Parliamentary Area,12.025,78.1687,1353101,39.4,39.4,23.9,23.9,17.8,17.8,7.8,7.8,15.5,🛡️ Projected Win,"Kuruvai Paddy Procurement MSP ₹3,200/q",85,52,-33,84,"TN Agri Budget Report (Aug 6, 2026)",https://newindianexpress.com/states/tamil-nadu,"6 Assembly segment aggregation + TN Agri Budget Report (Aug 6, 2026) Lok Sabha model","Dharmapuri பாராளுமன்ற தொகுதி 🇮🇳
Kuruvai Paddy Procurement MSP ₹3,200/q கோரிக்கை நிறைவேற்ற TVK MP வேட்பாளர் உறுதி!","📸 Dharmapuri MP தொகுதி! Kuruvai Paddy Procurement MSP ₹3,200/q & தமிழக வளர்ச்சி TVK2029 இலக்கு! #Dharmapuri #TVK2029",Dharmapuri Lok Sabha PC: Projected 39.4% vote share for TVK in 2029 (+15.5% lead). #Dharmapuri #TVK
PC-11,Tiruvannamalai Lok Sabha,Tiruvannamalai Parliamentary Area,12.2997,78.9883,1309117,40.8,40.8,22.4,22.4,19.2,19.2,12.4,12.4,18.4,🛡️ Projected Win,Youth Employment & 18% Unemployment Rate,81,35,-46,88,Puthiya Thalaimurai News (Aug 2026),https://youtube.com/@PuthiyathalaimuraiTV,6 Assembly segment aggregation + Puthiya Thalaimurai News (Aug 2026) Lok Sabha model,"Tiruvannamalai பாராளுமன்ற தொகுதி 🇮🇳
Youth Employment & 18% Unemployment Rate கோரிக்கை நிறைவேற்ற TVK MP வேட்பாளர் உறுதி!",📸 Tiruvannamalai MP தொகுதி! Youth Employment & 18% Unemployment Rate & தமிழக வளர்ச்சி TVK2029 இலக்கு! #Tiruvannamalai #TVK2029,Tiruvannamalai Lok Sabha PC: Projected 40.8% vote share for TVK in 2029 (+18.4% lead). #Tiruvannamalai #TVK
PC-12,Arani Lok Sabha,Arani Parliamentary Area,9.8777,78.3057,1570001,41.0,41.0,30.1,30.1,22.9,22.9,12.6,12.6,10.9,🛡️ Projected Win,Monsoon Stormwater Drain Desilting,74,32,-42,85,Reddit r/TamilNadu Civic Thread,https://reddit.com/r/TamilNadu,6 Assembly segment aggregation + Reddit r/TamilNadu Civic Thread Lok Sabha model,"Arani பாராளுமன்ற தொகுதி 🇮🇳
Monsoon Stormwater Drain Desilting கோரிக்கை நிறைவேற்ற TVK MP வேட்பாளர் உறுதி!",📸 Arani MP தொகுதி! Monsoon Stormwater Drain Desilting & தமிழக வளர்ச்சி TVK2029 இலக்கு! #Arani #TVK2029,Arani Lok Sabha PC: Projected 41.0% vote share for TVK in 2029 (+10.9% lead). #Arani #TVK
PC-13,Viluppuram Lok Sabha,Viluppuram Parliamentary Area,12.0313,77.5845,1582923,38.6,38.6,30.7,30.7,21.5,21.5,10.7,10.7,7.9,📊 Competitive Battle,TANGEDCO MSME Power Tariff Increase,69,28,-41,87,Coimbatore Trade Chamber RTI,https://thehindu.com/news/cities/Coimbatore/,6 Assembly segment aggregation + Coimbatore Trade Chamber RTI Lok Sabha model,"Viluppuram பாராளுமன்ற தொகுதி 🇮🇳
TANGEDCO MSME Power Tariff Increase கோரிக்கை நிறைவேற்ற TVK MP வேட்பாளர் உறுதி!",📸 Viluppuram MP தொகுதி! TANGEDCO MSME Power Tariff Increase & தமிழக வளர்ச்சி TVK2029 இலக்கு! #Viluppuram #TVK2029,Viluppuram Lok Sabha PC: Projected 38.6% vote share for TVK in 2029 (+7.9% lead). #Viluppuram #TVK
PC-14,Kallakurichi Lok Sabha,Kallakurichi Parliamentary Area,11.8193,78.9,1482777,44.1,44.1,24.9,24.9,21.5,21.5,8.2,8.2,19.2,🛡️ Projected Win,Annamalai Univ Pension Fund Allocation,74,25,-49,83,Sun News Tamil Stream (Aug 2026),https://youtube.com/@SunNewsTamil,6 Assembly segment aggregation + Sun News Tamil Stream (Aug 2026) Lok Sabha model,"Kallakurichi பாராளுமன்ற தொகுதி 🇮🇳
Annamalai Univ Pension Fund Allocation கோரிக்கை நிறைவேற்ற TVK MP வேட்பாளர் உறுதி!",📸 Kallakurichi MP தொகுதி! Annamalai Univ Pension Fund Allocation & தமிழக வளர்ச்சி TVK2029 இலக்கு! #Kallakurichi #TVK2029,Kallakurichi Lok Sabha PC: Projected 44.1% vote share for TVK in 2029 (+19.2% lead). #Kallakurichi #TVK
PC-15,Salem Lok Sabha,Salem Parliamentary Area,11.5754,78.1554,1687514,39.4,39.4,27.2,27.2,21.7,21.7,12.4,12.4,12.2,🛡️ Projected Win,Cauvery Delta Water Channel Maintenance,80,48,-32,89,Thanthi TV Delta Bulletin,https://youtube.com/@ThanthiTV,6 Assembly segment aggregation + Thanthi TV Delta Bulletin Lok Sabha model,"Salem பாராளுமன்ற தொகுதி 🇮🇳
Cauvery Delta Water Channel Maintenance கோரிக்கை நிறைவேற்ற TVK MP வேட்பாளர் உறுதி!",📸 Salem MP தொகுதி! Cauvery Delta Water Channel Maintenance & தமிழக வளர்ச்சி TVK2029 இலக்கு! #Salem #TVK2029,Salem Lok Sabha PC: Projected 39.4% vote share for TVK in 2029 (+12.2% lead). #Salem #TVK
PC-16,Namakkal Lok Sabha,Namakkal Parliamentary Area,11.3028,78.0507,1371754,36.6,36.6,22.4,22.4,22.3,22.3,10.3,10.3,14.2,🛡️ Projected Win,AIIMS Madurai Construction Speedup,82,48,-34,90,New Indian Express South Bureau,https://newindianexpress.com/states/tamil-nadu,6 Assembly segment aggregation + New Indian Express South Bureau Lok Sabha model,"Namakkal பாராளுமன்ற தொகுதி 🇮🇳
AIIMS Madurai Construction Speedup கோரிக்கை நிறைவேற்ற TVK MP வேட்பாளர் உறுதி!",📸 Namakkal MP தொகுதி! AIIMS Madurai Construction Speedup & தமிழக வளர்ச்சி TVK2029 இலக்கு! #Namakkal #TVK2029,Namakkal Lok Sabha PC: Projected 36.6% vote share for TVK in 2029 (+14.2% lead). #Namakkal #TVK
PC-17,Erode Lok Sabha,Erode Parliamentary Area,11.2479,77.7786,1530991,46.5,46.5,29.3,29.3,22.5,22.5,10.3,10.3,17.2,🛡️ Projected Win,Unfilled Cashew & MSME Subsidies,78,30,-48,87,The Hindu TN Bureau (Aug 2026),https://thehindu.com/news/national/tamil-nadu/,6 Assembly segment aggregation + The Hindu TN Bureau (Aug 2026) Lok Sabha model,"Erode பாராளுமன்ற தொகுதி 🇮🇳
Unfilled Cashew & MSME Subsidies கோரிக்கை நிறைவேற்ற TVK MP வேட்பாளர் உறுதி!",📸 Erode MP தொகுதி! Unfilled Cashew & MSME Subsidies & தமிழக வளர்ச்சி TVK2029 இலக்கு! #Erode #TVK2029,Erode Lok Sabha PC: Projected 46.5% vote share for TVK in 2029 (+17.2% lead). #Erode #TVK
PC-18,Tiruppur Lok Sabha,Tiruppur Parliamentary Area,11.1095,77.3245,1425624,40.4,40.4,25.4,25.4,21.9,21.9,7.4,7.4,15.0,🛡️ Projected Win,"Kuruvai Paddy Procurement MSP ₹3,200/q",85,52,-33,83,"TN Agri Budget Report (Aug 6, 2026)",https://newindianexpress.com/states/tamil-nadu,"6 Assembly segment aggregation + TN Agri Budget Report (Aug 6, 2026) Lok Sabha model","Tiruppur பாராளுமன்ற தொகுதி 🇮🇳
Kuruvai Paddy Procurement MSP ₹3,200/q கோரிக்கை நிறைவேற்ற TVK MP வேட்பாளர் உறுதி!","📸 Tiruppur MP தொகுதி! Kuruvai Paddy Procurement MSP ₹3,200/q & தமிழக வளர்ச்சி TVK2029 இலக்கு! #Tiruppur #TVK2029",Tiruppur Lok Sabha PC: Projected 40.4% vote share for TVK in 2029 (+15.0% lead). #Tiruppur #TVK
PC-19,Nilgiris Lok Sabha,Nilgiris Parliamentary Area,11.3012,76.6857,1510229,36.6,36.6,30.4,30.4,22.5,22.5,11.2,11.2,6.2,📊 Competitive Battle,Youth Employment & 18% Unemployment Rate,81,35,-46,85,Puthiya Thalaimurai News (Aug 2026),https://youtube.com/@PuthiyathalaimuraiTV,6 Assembly segment aggregation + Puthiya Thalaimurai News (Aug 2026) Lok Sabha model,"Nilgiris பாராளுமன்ற தொகுதி 🇮🇳
Youth Employment & 18% Unemployment Rate கோரிக்கை நிறைவேற்ற TVK MP வேட்பாளர் உறுதி!",📸 Nilgiris MP தொகுதி! Youth Employment & 18% Unemployment Rate & தமிழக வளர்ச்சி TVK2029 இலக்கு! #Nilgiris #TVK2029,Nilgiris Lok Sabha PC: Projected 36.6% vote share for TVK in 2029 (+6.2% lead). #Nilgiris #TVK
PC-20,Coimbatore Lok Sabha,Coimbatore Parliamentary Area,11.0578,77.052,1564737,45.1,45.1,28.7,28.7,16.3,16.3,12.4,12.4,16.4,🛡️ Projected Win,Monsoon Stormwater Drain Desilting,74,32,-42,87,Reddit r/TamilNadu Civic Thread,https://reddit.com/r/TamilNadu,6 Assembly segment aggregation + Reddit r/TamilNadu Civic Thread Lok Sabha model,"Coimbatore பாராளுமன்ற தொகுதி 🇮🇳
Monsoon Stormwater Drain Desilting கோரிக்கை நிறைவேற்ற TVK MP வேட்பாளர் உறுதி!",📸 Coimbatore MP தொகுதி! Monsoon Stormwater Drain Desilting & தமிழக வளர்ச்சி TVK2029 இலக்கு! #Coimbatore #TVK2029,Coimbatore Lok Sabha PC: Projected 45.1% vote share for TVK in 2029 (+16.4% lead). #Coimbatore #TVK
PC-21,Pollachi Lok Sabha,Pollachi Parliamentary Area,12.6978,78.7806,1673676,45.3,45.3,23.9,23.9,23.4,23.4,12.8,12.8,21.4,🛡️ Projected Win,TANGEDCO MSME Power Tariff Increase,69,28,-41,84,Coimbatore Trade Chamber RTI,https://thehindu.com/news/cities/Coimbatore/,6 Assembly segment aggregation + Coimbatore Trade Chamber RTI Lok Sabha model,"Pollachi பாராளுமன்ற தொகுதி 🇮🇳
TANGEDCO MSME Power Tariff Increase கோரிக்கை நிறைவேற்ற TVK MP வேட்பாளர் உறுதி!",📸 Pollachi MP தொகுதி! TANGEDCO MSME Power Tariff Increase & தமிழக வளர்ச்சி TVK2029 இலக்கு! #Pollachi #TVK2029,Pollachi Lok Sabha PC: Projected 45.3% vote share for TVK in 2029 (+21.4% lead). #Pollachi #TVK
PC-22,Dindigul Lok Sabha,Dindigul Parliamentary Area,10.3799,77.9328,1618133,39.4,39.4,23.5,23.5,20.5,20.5,8.9,8.9,15.9,🛡️ Projected Win,Annamalai Univ Pension Fund Allocation,74,25,-49,84,Sun News Tamil Stream (Aug 2026),https://youtube.com/@SunNewsTamil,6 Assembly segment aggregation + Sun News Tamil Stream (Aug 2026) Lok Sabha model,"Dindigul பாராளுமன்ற தொகுதி 🇮🇳
Annamalai Univ Pension Fund Allocation கோரிக்கை நிறைவேற்ற TVK MP வேட்பாளர் உறுதி!",📸 Dindigul MP தொகுதி! Annamalai Univ Pension Fund Allocation & தமிழக வளர்ச்சி TVK2029 இலக்கு! #Dindigul #TVK2029,Dindigul Lok Sabha PC: Projected 39.4% vote share for TVK in 2029 (+15.9% lead). #Dindigul #TVK
PC-23,Karur Lok Sabha,Karur Parliamentary Area,11.0527,78.1329,1352467,39.6,39.6,30.3,30.3,23.9,23.9,8.1,8.1,9.3,📊 Competitive Battle,Cauvery Delta Water Channel Maintenance,80,48,-32,80,Thanthi TV Delta Bulletin,https://youtube.com/@ThanthiTV,6 Assembly segment aggregation + Thanthi TV Delta Bulletin Lok Sabha model,"Karur பாராளுமன்ற தொகுதி 🇮🇳
Cauvery Delta Water Channel Maintenance கோரிக்கை நிறைவேற்ற TVK MP வேட்பாளர் உறுதி!",📸 Karur MP தொகுதி! Cauvery Delta Water Channel Maintenance & தமிழக வளர்ச்சி TVK2029 இலக்கு! #Karur #TVK2029,Karur Lok Sabha PC: Projected 39.6% vote share for TVK in 2029 (+9.3% lead). #Karur #TVK
PC-24,Tiruchirappalli Lok Sabha,Tiruchirappalli Parliamentary Area,10.7021,78.7781,1500149,42.0,42.0,30.2,30.2,22.7,22.7,7.1,7.1,11.8,🛡️ Projected Win,AIIMS Madurai Construction Speedup,82,48,-34,80,New Indian Express South Bureau,https://newindianexpress.com/states/tamil-nadu,6 Assembly segment aggregation + New Indian Express South Bureau Lok Sabha model,"Tiruchirappalli பாராளுமன்ற தொகுதி 🇮🇳
AIIMS Madurai Construction Speedup கோரிக்கை நிறைவேற்ற TVK MP வேட்பாளர் உறுதி!",📸 Tiruchirappalli MP தொகுதி! AIIMS Madurai Construction Speedup & தமிழக வளர்ச்சி TVK2029 இலக்கு! #Tiruchirappalli #TVK2029,Tiruchirappalli Lok Sabha PC: Projected 42.0% vote share for TVK in 2029 (+11.8% lead). #Tiruchirappalli #TVK
PC-25,Perambalur Lok Sabha,Perambalur Parliamentary Area,11.2117,78.854,1588383,39.0,39.0,24.3,24.3,18.3,18.3,11.5,11.5,14.7,🛡️ Projected Win,Unfilled Cashew & MSME Subsidies,78,30,-48,88,The Hindu TN Bureau (Aug 2026),https://thehindu.com/news/national/tamil-nadu/,6 Assembly segment aggregation + The Hindu TN Bureau (Aug 2026) Lok Sabha model,"Perambalur பாராளுமன்ற தொகுதி 🇮🇳
Unfilled Cashew & MSME Subsidies கோரிக்கை நிறைவேற்ற TVK MP வேட்பாளர் உறுதி!",📸 Perambalur MP தொகுதி! Unfilled Cashew & MSME Subsidies & தமிழக வளர்ச்சி TVK2029 இலக்கு! #Perambalur #TVK2029,Perambalur Lok Sabha PC: Projected 39.0% vote share for TVK in 2029 (+14.7% lead). #Perambalur #TVK
PC-26,Cuddalore Lok Sabha,Cuddalore Parliamentary Area,11.6454,79.7121,1505301,40.8,40.8,29.6,29.6,18.4,18.4,7.7,7.7,11.2,🛡️ Projected Win,"Kuruvai Paddy Procurement MSP ₹3,200/q",85,52,-33,86,"TN Agri Budget Report (Aug 6, 2026)",https://newindianexpress.com/states/tamil-nadu,"6 Assembly segment aggregation + TN Agri Budget Report (Aug 6, 2026) Lok Sabha model","Cuddalore பாராளுமன்ற தொகுதி 🇮🇳
Kuruvai Paddy Procurement MSP ₹3,200/q கோரிக்கை நிறைவேற்ற TVK MP வேட்பாளர் உறுதி!","📸 Cuddalore MP தொகுதி! Kuruvai Paddy Procurement MSP ₹3,200/q & தமிழக வளர்ச்சி TVK2029 இலக்கு! #Cuddalore #TVK2029",Cuddalore Lok Sabha PC: Projected 40.8% vote share for TVK in 2029 (+11.2% lead). #Cuddalore #TVK
PC-27,Chidambaram Lok Sabha,Chidambaram Parliamentary Area,11.4262,79.4544,1471294,46.2,46.2,23.0,23.0,23.6,23.6,6.3,6.3,23.2,🛡️ Projected Win,Youth Employment & 18% Unemployment Rate,81,35,-46,90,Puthiya Thalaimurai News (Aug 2026),https://youtube.com/@PuthiyathalaimuraiTV,6 Assembly segment aggregation + Puthiya Thalaimurai News (Aug 2026) Lok Sabha model,"Chidambaram பாராளுமன்ற தொகுதி 🇮🇳
Youth Employment & 18% Unemployment Rate கோரிக்கை நிறைவேற்ற TVK MP வேட்பாளர் உறுதி!",📸 Chidambaram MP தொகுதி! Youth Employment & 18% Unemployment Rate & தமிழக வளர்ச்சி TVK2029 இலக்கு! #Chidambaram #TVK2029,Chidambaram Lok Sabha PC: Projected 46.2% vote share for TVK in 2029 (+23.2% lead). #Chidambaram #TVK
PC-28,Mayiladuthurai Lok Sabha,Mayiladuthurai Parliamentary Area,11.0127,79.7381,1388403,46.8,46.8,28.8,28.8,23.4,23.4,12.8,12.8,18.0,🛡️ Projected Win,Monsoon Stormwater Drain Desilting,74,32,-42,87,Reddit r/TamilNadu Civic Thread,https://reddit.com/r/TamilNadu,6 Assembly segment aggregation + Reddit r/TamilNadu Civic Thread Lok Sabha model,"Mayiladuthurai பாராளுமன்ற தொகுதி 🇮🇳
Monsoon Stormwater Drain Desilting கோரிக்கை நிறைவேற்ற TVK MP வேட்பாளர் உறுதி!",📸 Mayiladuthurai MP தொகுதி! Monsoon Stormwater Drain Desilting & தமிழக வளர்ச்சி TVK2029 இலக்கு! #Mayiladuthurai #TVK2029,Mayiladuthurai Lok Sabha PC: Projected 46.8% vote share for TVK in 2029 (+18.0% lead). #Mayiladuthurai #TVK
PC-29,Nagapattinam Lok Sabha,Nagapattinam Parliamentary Area,10.8383,79.8003,1649096,41.8,41.8,24.0,24.0,20.2,20.2,11.6,11.6,17.8,🛡️ Projected Win,TANGEDCO MSME Power Tariff Increase,69,28,-41,80,Coimbatore Trade Chamber RTI,https://thehindu.com/news/cities/Coimbatore/,6 Assembly segment aggregation + Coimbatore Trade Chamber RTI Lok Sabha model,"Nagapattinam பாராளுமன்ற தொகுதி 🇮🇳
TANGEDCO MSME Power Tariff Increase கோரிக்கை நிறைவேற்ற TVK MP வேட்பாளர் உறுதி!",📸 Nagapattinam MP தொகுதி! TANGEDCO MSME Power Tariff Increase & தமிழக வளர்ச்சி TVK2029 இலக்கு! #Nagapattinam #TVK2029,Nagapattinam Lok Sabha PC: Projected 41.8% vote share for TVK in 2029 (+17.8% lead). #Nagapattinam #TVK
PC-30,Thanjavur Lok Sabha,Thanjavur Parliamentary Area,10.7714,79.1694,1457804,46.3,46.3,29.6,29.6,19.0,19.0,6.8,6.8,16.7,🛡️ Projected Win,Annamalai Univ Pension Fund Allocation,74,25,-49,84,Sun News Tamil Stream (Aug 2026),https://youtube.com/@SunNewsTamil,6 Assembly segment aggregation + Sun News Tamil Stream (Aug 2026) Lok Sabha model,"Thanjavur பாராளுமன்ற தொகுதி 🇮🇳
Annamalai Univ Pension Fund Allocation கோரிக்கை நிறைவேற்ற TVK MP வேட்பாளர் உறுதி!",📸 Thanjavur MP தொகுதி! Annamalai Univ Pension Fund Allocation & தமிழக வளர்ச்சி TVK2029 இலக்கு! #Thanjavur #TVK2029,Thanjavur Lok Sabha PC: Projected 46.3% vote share for TVK in 2029 (+16.7% lead). #Thanjavur #TVK
PC-31,Sivaganga Lok Sabha,Sivaganga Parliamentary Area,9.9013,78.5887,1397096,43.2,43.2,26.1,26.1,16.3,16.3,11.0,11.0,17.1,🛡️ Projected Win,Cauvery Delta Water Channel Maintenance,80,48,-32,83,Thanthi TV Delta Bulletin,https://youtube.com/@ThanthiTV,6 Assembly segment aggregation + Thanthi TV Delta Bulletin Lok Sabha model,"Sivaganga பாராளுமன்ற தொகுதி 🇮🇳
Cauvery Delta Water Channel Maintenance கோரிக்கை நிறைவேற்ற TVK MP வேட்பாளர் உறுதி!",📸 Sivaganga MP தொகுதி! Cauvery Delta Water Channel Maintenance & தமிழக வளர்ச்சி TVK2029 இலக்கு! #Sivaganga #TVK2029,Sivaganga Lok Sabha PC: Projected 43.2% vote share for TVK in 2029 (+17.1% lead). #Sivaganga #TVK
PC-32,Madurai Lok Sabha,Madurai Parliamentary Area,9.8776,78.2153,1374037,41.9,41.9,22.9,22.9,17.8,17.8,12.1,12.1,19.0,🛡️ Projected Win,AIIMS Madurai Construction Speedup,82,48,-34,85,New Indian Express South Bureau,https://newindianexpress.com/states/tamil-nadu,6 Assembly segment aggregation + New Indian Express South Bureau Lok Sabha model,"Madurai பாராளுமன்ற தொகுதி 🇮🇳
AIIMS Madurai Construction Speedup கோரிக்கை நிறைவேற்ற TVK MP வேட்பாளர் உறுதி!",📸 Madurai MP தொகுதி! AIIMS Madurai Construction Speedup & தமிழக வளர்ச்சி TVK2029 இலக்கு! #Madurai #TVK2029,Madurai Lok Sabha PC: Projected 41.9% vote share for TVK in 2029 (+19.0% lead). #Madurai #TVK
PC-33,Theni Lok Sabha,Theni Parliamentary Area,10.3,79.3849,1488117,47.0,47.0,23.3,23.3,23.6,23.6,11.1,11.1,23.7,🛡️ Projected Win,Unfilled Cashew & MSME Subsidies,78,30,-48,82,The Hindu TN Bureau (Aug 2026),https://thehindu.com/news/national/tamil-nadu/,6 Assembly segment aggregation + The Hindu TN Bureau (Aug 2026) Lok Sabha model,"Theni பாராளுமன்ற தொகுதி 🇮🇳
Unfilled Cashew & MSME Subsidies கோரிக்கை நிறைவேற்ற TVK MP வேட்பாளர் உறுதி!",📸 Theni MP தொகுதி! Unfilled Cashew & MSME Subsidies & தமிழக வளர்ச்சி TVK2029 இலக்கு! #Theni #TVK2029,Theni Lok Sabha PC: Projected 47.0% vote share for TVK in 2029 (+23.7% lead). #Theni #TVK
PC-34,Virudhunagar Lok Sabha,Virudhunagar Parliamentary Area,9.6591,77.8613,1400061,45.2,45.2,30.5,30.5,20.9,20.9,11.1,11.1,14.7,🛡️ Projected Win,"Kuruvai Paddy Procurement MSP ₹3,200/q",85,52,-33,86,"TN Agri Budget Report (Aug 6, 2026)",https://newindianexpress.com/states/tamil-nadu,"6 Assembly segment aggregation + TN Agri Budget Report (Aug 6, 2026) Lok Sabha model","Virudhunagar பாராளுமன்ற தொகுதி 🇮🇳
Kuruvai Paddy Procurement MSP ₹3,200/q கோரிக்கை நிறைவேற்ற TVK MP வேட்பாளர் உறுதி!","📸 Virudhunagar MP தொகுதி! Kuruvai Paddy Procurement MSP ₹3,200/q & தமிழக வளர்ச்சி TVK2029 இலக்கு! #Virudhunagar #TVK2029",Virudhunagar Lok Sabha PC: Projected 45.2% vote share for TVK in 2029 (+14.7% lead). #Virudhunagar #TVK
PC-35,Ramanathapuram Lok Sabha,Ramanathapuram Parliamentary Area,9.3835,78.7854,1610676,43.2,43.2,28.3,28.3,20.8,20.8,9.7,9.7,14.9,🛡️ Projected Win,Youth Employment & 18% Unemployment Rate,81,35,-46,88,Puthiya Thalaimurai News (Aug 2026),https://youtube.com/@PuthiyathalaimuraiTV,6 Assembly segment aggregation + Puthiya Thalaimurai News (Aug 2026) Lok Sabha model,"Ramanathapuram பாராளுமன்ற தொகுதி 🇮🇳
Youth Employment & 18% Unemployment Rate கோரிக்கை நிறைவேற்ற TVK MP வேட்பாளர் உறுதி!",📸 Ramanathapuram MP தொகுதி! Youth Employment & 18% Unemployment Rate & தமிழக வளர்ச்சி TVK2029 இலக்கு! #Ramanathapuram #TVK2029,Ramanathapuram Lok Sabha PC: Projected 43.2% vote share for TVK in 2029 (+14.9% lead). #Ramanathapuram #TVK
PC-36,Thoothukudi Lok Sabha,Thoothukudi Parliamentary Area,8.7125,78.1277,1431015,42.8,42.8,28.8,28.8,23.9,23.9,7.0,7.0,14.0,🛡️ Projected Win,Monsoon Stormwater Drain Desilting,74,32,-42,85,Reddit r/TamilNadu Civic Thread,https://reddit.com/r/TamilNadu,6 Assembly segment aggregation + Reddit r/TamilNadu Civic Thread Lok Sabha model,"Thoothukudi பாராளுமன்ற தொகுதி 🇮🇳
Monsoon Stormwater Drain Desilting கோரிக்கை நிறைவேற்ற TVK MP வேட்பாளர் உறுதி!",📸 Thoothukudi MP தொகுதி! Monsoon Stormwater Drain Desilting & தமிழக வளர்ச்சி TVK2029 இலக்கு! #Thoothukudi #TVK2029,Thoothukudi Lok Sabha PC: Projected 42.8% vote share for TVK in 2029 (+14.0% lead). #Thoothukudi #TVK
PC-37,Tenkasi Lok Sabha,Tenkasi Parliamentary Area,8.9822,77.2936,1465172,44.0,44.0,28.0,28.0,16.5,16.5,11.5,11.5,16.0,🛡️ Projected Win,TANGEDCO MSME Power Tariff Increase,69,28,-41,82,Coimbatore Trade Chamber RTI,https://thehindu.com/news/cities/Coimbatore/,6 Assembly segment aggregation + Coimbatore Trade Chamber RTI Lok Sabha model,"Tenkasi பாராளுமன்ற தொகுதி 🇮🇳
TANGEDCO MSME Power Tariff Increase கோரிக்கை நிறைவேற்ற TVK MP வேட்பாளர் உறுதி!",📸 Tenkasi MP தொகுதி! TANGEDCO MSME Power Tariff Increase & தமிழக வளர்ச்சி TVK2029 இலக்கு! #Tenkasi #TVK2029,Tenkasi Lok Sabha PC: Projected 44.0% vote share for TVK in 2029 (+16.0% lead). #Tenkasi #TVK
PC-38,Tirunelveli Lok Sabha,Tirunelveli Parliamentary Area,8.6483,77.7356,1564238,46.0,46.0,29.0,29.0,16.8,16.8,9.9,9.9,17.0,🛡️ Projected Win,Annamalai Univ Pension Fund Allocation,74,25,-49,84,Sun News Tamil Stream (Aug 2026),https://youtube.com/@SunNewsTamil,6 Assembly segment aggregation + Sun News Tamil Stream (Aug 2026) Lok Sabha model,"Tirunelveli பாராளுமன்ற தொகுதி 🇮🇳
Annamalai Univ Pension Fund Allocation கோரிக்கை நிறைவேற்ற TVK MP வேட்பாளர் உறுதி!",📸 Tirunelveli MP தொகுதி! Annamalai Univ Pension Fund Allocation & தமிழக வளர்ச்சி TVK2029 இலக்கு! #Tirunelveli #TVK2029,Tirunelveli Lok Sabha PC: Projected 46.0% vote share for TVK in 2029 (+17.0% lead). #Tirunelveli #TVK
PC-39,Kanniyakumari Lok Sabha,Kanniyakumari Parliamentary Area,8.1556,77.4601,1589912,39.7,39.7,27.2,27.2,17.5,17.5,11.2,11.2,12.5,🛡️ Projected Win,Cauvery Delta Water Channel Maintenance,80,48,-32,84,Thanthi TV Delta Bulletin,https://youtube.com/@ThanthiTV,6 Assembly segment aggregation + Thanthi TV Delta Bulletin Lok Sabha model,"Kanniyakumari பாராளுமன்ற தொகுதி 🇮🇳
Cauvery Delta Water Channel Maintenance கோரிக்கை நிறைவேற்ற TVK MP வேட்பாளர் உறுதி!",📸 Kanniyakumari MP தொகுதி! Cauvery Delta Water Channel Maintenance & தமிழக வளர்ச்சி TVK2029 இலக்கு! #Kanniyakumari #TVK2029,Kanniyakumari Lok Sabha PC: Projected 39.7% vote share for TVK in 2029 (+12.5% lead). #Kanniyakumari #TVK
